account_id,application_id,activation_date
8daf0220-837b-4dc7-94f0-7850954e9427,453d24b3-2bd1-4e8d-bf22-efc47c5824ff,2025-08-24
c3725321-1f38-44d4-af3a-a9c3d43125df,a04ea03f-b3ae-4772-8c3c-963416c0bc4d,2025-08-23
36dcb67c-db7c-42c9-ac5b-657e899b7052,e90fd9ac-b349-43e4-8339-078014ea2157,2025-08-23
9d762064-3047-4792-9b14-45b712a64470,da1d491d-6cd6-402c-9f23-6063d55b83e5,2025-08-25
24ac0a32-f161-4421-9234-0fa927502338,1db1ef9b-556f-4c67-8232-4674fc34f6a6,2025-08-22
3cc851e6-9d32-4c8a-90e2-699ecc05292b,2dcd78d8-2121-4d52-b0ee-caca53c5a37b,2025-08-25
aee29643-e195-44c7-99f0-2210513fcdd7,58e50201-758d-49fd-9dc7-9335a31fda41,2025-08-25
95dfcd35-c386-40e4-8552-0a5bc851f77d,8e133217-feca-4c3a-ae1f-f232012a76d9,2025-08-24
a7b29ab7-ff0b-4b14-aae8-fb854c1cb604,6e05c8bf-9a67-43ee-b257-52800686119c,2025-08-25
8deeff9c-98c2-4fc7-8731-800862517f79,d5bad9fd-4a55-4760-a011-7f4f91602e53,2025-08-23
3998061b-a48d-41ab-92d4-5ffc90f28a45,d4b47945-d873-4081-b809-b1ed8dbc3d98,2025-08-23
6f57367b-09ab-476c-9000-03f839c2ac31,355747ce-1bbc-454d-bc9d-07e7e9a025d6,2025-08-24
33c2be9e-3c53-463b-b058-6537b4ac10da,36d87e6f-1cbd-4697-8d4f-e86022f16410,2025-08-25
0e61e977-8c5b-4e2e-8b40-3a543d3b10f0,7064065f-5997-403d-b678-8161c0fb3a60,2025-08-24
b8993510-6666-43d9-91f2-54197edc2708,2b918240-ff29-46e8-92f8-c7c91dab4c88,2025-08-25
1d50920a-9c99-44fe-8305-f713968bc795,e6f7d698-6aee-4ed1-bee7-a735d97fd23d,2025-08-24
396ef0ae-2b40-49ae-9f0d-541b9fb5030a,3a804515-55ca-49ba-b22a-effecd615f7a,2025-08-25
f263c6f0-817f-48c1-8e77-7d5dbc7b9cc8,ab87f53d-6920-40b3-9580-211fc98f5181,2025-08-23
6bfcfdeb-668e-455f-9791-25634bba1cc0,d447993b-4406-4d60-a1da-1789b8104109,2025-08-23
d18ed73f-f707-4e09-9c30-65e3084cd140,a0de85cf-998a-42c0-9ed7-62717ef8ce1e,2025-08-22
a0cfb52e-e41f-4fe6-afaf-fcf1c3a1d0f3,038ea828-bae7-4356-a1aa-a444600a3169,2025-08-22
833312ac-63e3-42b1-9f51-0cb5a0d95bd9,407527d8-a088-4fc8-95b6-f9bcd3dd045f,2025-08-24
8afb1212-e792-4305-820e-16b9716afd74,562e2326-0a3e-4b39-bc71-ea1d5cb3ddb9,2025-08-25
7bd37a01-37d3-464c-9fe1-abd07d809bc7,a288bc7f-4e0a-431a-9a71-ce711cb00bad,2025-08-23
0b01881b-e5c2-4b3a-b38c-5444e300e727,b8942dd6-af0d-4a12-995a-7792c67da735,2025-08-24
5f7de6eb-18b2-4b09-956e-1e4daae7cd3f,f5efd1a0-0487-43d8-bef9-ddca90b4ecdb,2025-08-22
3a84bab5-6d5f-4878-8b0f-7d3a79399aa8,0d722943-fad3-4076-a4b3-cf67629efeba,2025-08-22
1918e9fd-ef0d-4e64-8791-c1189726845a,c70aee88-16e1-44b7-9df3-ccb2f0eecca6,2025-08-24
00326671-b01e-4ade-bdf9-88e390c76ffc,50ac314f-6ab0-4cbb-91db-c5de1bbe5428,2025-08-22
01fc7266-2d2f-4c20-a152-2a223dc05f5d,45de5e6a-9101-4bf3-8a22-747c7aba2cbc,2025-08-25
4c16c489-8ce5-4718-b3f3-bdc51768bdb9,2865c801-2b1f-40f3-bbba-29be419c50a2,2025-08-23
5cc72b24-50a6-4871-a160-31e060fa9aab,1d7f8d9e-8f15-4831-9726-d953fa4b5153,2025-08-25
f9fd986b-b12c-4196-83d4-132833f619d7,7bab8e0c-3e9b-4a81-aa48-3928904ad159,2025-08-23
a0b79e9b-7f7e-4cba-aae7-cb4df99e70c9,43a3b47c-3cff-42ee-a424-4270f985425d,2025-08-25
00b0e5ee-29a7-41d8-a756-e2a4d889ccdd,4b3e90c1-96d6-4aa4-a00d-48095b8718bd,2025-08-22
093a1fca-8a09-4722-b353-2c4e7b90277c,e962d9cd-fd95-490e-be58-f3c3ad6f664b,2025-08-24
934510dd-6f40-40f0-bc7e-47aa9f6d1fd6,250305ca-6423-4a7a-87ee-4becacbab033,2025-08-23
3b54c127-5fe1-4398-83ba-cf4840241b2a,7b917875-fd8e-4fa9-a631-70bd385407b1,2025-08-24
bc09dad0-466a-4d27-8ec1-8a811698c666,148b2bcf-db9b-4794-a748-33d2016b069e,2025-08-25
2753cdff-88de-4527-9469-13c5ccf0b5e7,f028284a-1d0f-4e0b-ac83-11a90fb597bc,2025-08-25
69cf6582-182c-4702-82fb-040ba401bbfe,d60f39a5-30ae-42f6-8312-0501ae318488,2025-08-24
e7649de8-46b0-4fa2-bfdc-b7395a5b3391,d596db4b-81d1-4583-bf10-97d2358ee2b3,2025-08-23
d5b8f5ae-15a3-4b9f-a4c5-4bc45d938235,3eb33ee2-969e-4dae-8262-734edb397d12,2025-08-23
d80c41bf-a29b-4d76-b1d6-8c6e120dbaa6,af991ee3-ba66-44d2-b2e1-402cdef35a4a,2025-08-25
c40ce342-3d08-480f-8aae-bacaf9fa870c,6b480d39-a88b-462d-bd28-769842b67433,2025-08-25
72d151f2-61ce-435f-a2f8-32312d735b76,0e42c4d8-be44-4bf3-98e5-82676ad89fe3,2025-08-24
7e91935e-8c97-4aee-845e-5447da98d2ea,08739679-300a-44dd-a7df-9966c071d093,2025-08-22
c7ac1ad1-3695-4ade-aa84-848a445c0e24,c63d3ac9-d22e-4e93-b5fb-2c3d572dd202,2025-08-25
d86afe69-4b2b-44b6-a48b-5f9d26669777,e6903441-f4e9-4380-8159-cdcca737b165,2025-08-25
d14c024b-871a-47e1-a8c0-1669f317a842,c2555c80-ec77-4970-a254-19a683722675,2025-08-25
6390b8cc-4dc7-4469-a4fd-3826c54a5d4b,acfa64c6-196f-4cff-be46-1acd8f876591,2025-08-23
e432625a-e002-4b06-b4d3-d87a67057bce,91974490-6253-442d-af4d-56a7b08b942b,2025-08-23
eab54372-2fab-446e-96cb-f738485f72ef,801601ae-5567-4013-b228-ffae54d79b0a,2025-08-24
66bbb604-8d3c-4749-aafa-b00a1d404628,78e92358-8f38-4e21-aab8-a5e78535447f,2025-08-22
e2434c85-f2e8-4314-9f0d-9e4092aaa81f,60558865-6ee0-4b06-ae7a-510d8ff9e971,2025-08-24
c270067e-2c27-407b-bd4a-3d45ada63e5c,8b23078b-7408-48b3-93cd-fd6a07adc46c,2025-08-22
4edf07e1-74c5-4a3e-917a-4063ca31a98a,f456151f-2437-42d4-9007-e1b095f22eaa,2025-08-23
cf4766a4-6a46-4f5f-9a71-a760d767ce2d,0fb26338-cb33-4fb3-8a60-76b7d15d7e08,2025-08-25
87f2c911-f891-4dfa-9c5e-6772c543888a,c3246d56-67a0-4e57-ab41-14ffa93f06fd,2025-08-25
30c1cae5-08ae-47a6-83d9-12ff313f19b9,f31045a6-2df4-402a-8f40-44fa61871cf8,2025-08-23
29cd1b8e-ab3b-4c8f-a25d-7636cd7bce70,3cc642b3-3753-4fb3-8750-236ba4ad36d2,2025-08-23
089b2a58-1f99-48f8-b0c9-142676e7b63e,483a06d4-dc1a-4e06-8c66-7980837dc7fb,2025-08-23
00d8df5b-d7ec-4e11-905b-60267706039f,acd43a6c-417d-43a5-b102-4804724aafbf,2025-08-22
9a418c22-3ef4-414e-a6cd-15e229a2c7d2,7bf588a3-bd3a-4af7-9888-d4271371942b,2025-08-22
8a80b775-50a9-47cc-a0ae-99e79ed705b6,80219eed-15c3-4c0d-866b-8c6332d2d974,2025-08-24
9b3b41d1-c9cc-4dc4-a9d9-03dd08f8f823,3a4bb5e9-8059-4fca-8444-177343477708,2025-08-24
41fc312d-d2ee-43ba-afeb-049143cb143d,2d7ce704-7524-4fda-a19c-6b17531b37c5,2025-08-23
9e239f29-f582-479b-8445-2250bc1e0621,e7fe64c8-48ef-48ab-b61f-ce39012f56c8,2025-08-24
9924295d-c4db-4fe3-9972-9fed79bbb32a,7970d7eb-135d-4a72-a66f-3821b4b649cb,2025-08-25
55ab2368-a086-4e7b-bacf-703b99a5a9b0,560f1360-2006-44fe-827f-b5f726cfd45c,2025-08-24
c31e2c70-afd3-4f32-9edc-ddbe791c4a40,1ccc13fa-2ba5-4d8e-96a7-e55112b0f1a8,2025-08-22
4b9cf485-d5d6-49e7-8b98-6d2ffa202355,4094cb81-393b-44bf-af64-32d63e13b3bb,2025-08-25
ea7f1e80-541a-4e4e-bf2f-a2d8f858e8d8,41d392c8-3978-4d9f-bb2f-e4fc71e13941,2025-08-25
fd1c2710-8ad6-4f26-973e-76c56ad0cf95,322b2fe9-3f4e-49ce-a74a-2afd77d2fe19,2025-08-23
2c97dbb1-5fc4-4b8b-8519-35d92f2a241c,fbfa1e9e-8906-4a47-8807-cbd604737aad,2025-08-24
60f07c58-e213-468b-ab23-d826ce52df4e,b9a24cfb-d644-4a1c-969d-5d5ee6bda26f,2025-08-25
207c85fb-2361-4035-904c-092dbf3832dc,f93b71c1-0dfc-4ba2-bb25-8e2b20374725,2025-08-23
b97b82fd-6aed-4625-a137-8f00608f4208,54777972-2db4-495e-95ce-0798e18bc370,2025-08-24
820bfa2e-8370-468b-a031-2948ae5303ef,427c6935-7eb6-426d-bbea-4e73a3b0b3f2,2025-08-25
287e7d67-f22a-434b-bfb6-7a367b4e21dc,4a0557a7-ab83-4650-8446-c5e024754353,2025-08-24
26ec2880-ff9a-4fc1-845f-3ede85973543,226eedfe-6db2-42ec-bc3a-a6ef1a78d0c9,2025-08-25
b2f52052-6a75-4c18-abc1-6453b4fcbd43,acb8ac21-6818-4505-936e-e7ff16b96081,2025-08-22
6f8cbca9-0218-4bf3-83a4-426814a12835,1c351625-f3b2-4540-97e1-7e248c67b4a9,2025-08-24
a1c9741e-d5e2-428b-bfd9-21efa93ff525,a035d8da-ede1-46e3-b547-2dcd7426d3bc,2025-08-24
eeb13dba-9e4a-4411-ba07-156829ed92d0,9771e5d1-11e8-44e3-ae0f-a9bb5be0dbf2,2025-08-22
804781a4-acb8-423e-a2c7-503ab5f6d958,847537d3-bde1-4253-bb92-be52e4bdcfbc,2025-08-24
4e1fc770-d216-4be5-89c8-edd313117ad0,f65c82f3-ab5a-486b-9b79-130911f1d49d,2025-08-25
ebb60598-6804-4f44-b831-0b75178eed5c,e532ec0f-b5b7-47c6-a29b-c54f92671dc6,2025-08-23
aee0044f-8ee2-4a24-82bf-aa71998f4aae,1ba386db-72ad-482d-9ba6-5758c0173415,2025-08-24
eb494a61-d904-431b-bcf5-fbce7b892087,186283e3-271f-4e33-aec4-687c19e5aee6,2025-08-25
e92dacf4-4bbf-4b3e-8d29-29deb7b2b6c8,f83a75ef-5781-442b-a4d6-f52d4080989c,2025-08-24
f0b0d8f2-17df-4a8b-9086-7700dfc6207c,72db1b72-0e3e-4e4d-8de5-4ac37095831e,2025-08-23
400c9ca9-2df1-47e4-9bd8-6db68381e537,fd793917-d772-4074-9753-a070a39cfcef,2025-08-22
b6b0f38b-4116-4f5a-a137-c1357f5ec413,e355262a-b178-4e71-8ea6-5c7b2b2196f7,2025-08-24
7fd40968-3eb7-4c22-9823-c0aa2b1fe390,1471d653-9f52-43ba-861a-6250f7279dba,2025-08-24
d1ad35fd-d73d-4554-9469-2736574d18a3,c4cf6d52-20bd-457c-b468-2b69d85ccc1a,2025-08-23
6750d5c1-4429-46c2-85e2-29b64112adad,35a09015-d72c-4cda-8027-512cfa1926e4,2025-08-25
43870807-5d51-4357-897f-8f96b1f3c930,d23671cf-3f14-4ace-a116-0f7a7f5dc3b9,2025-08-25
55118e0b-3b47-4b6b-97e9-e02fbb5b2463,80713eb2-cfff-4a11-91d7-28386ee4f661,2025-08-23
37a21415-5e02-404e-8efd-ea097e5cb0b9,dd3b4a05-f4e0-46a3-8fbc-1b8ff443704c,2025-08-22
adaa8bac-b61e-4aaf-a7f9-19f8d69eb01b,4780253c-f495-4071-8588-487128eaef50,2025-08-22
38283773-5549-4e92-880a-be66a4da231b,6477ae1a-2ea3-4712-8ed6-453d186b79c4,2025-08-22
9e837cbf-1165-4817-b813-3ec716497225,30d1448f-eacd-4935-bfee-c597c7bc9413,2025-08-25
09de3b41-efd6-4aa4-8c39-38c81048e40c,dd245607-bebd-47c5-9dfa-47356ddc9830,2025-08-23
db6c57bc-c93d-4833-93e2-9ac6912f5f7c,9cd006c9-a294-4182-ac78-9f233558cf6e,2025-08-22
cd76b732-d429-479e-9b36-83add508e36f,9a307bf0-4ba1-46c0-b8a7-026f2e3950b1,2025-08-22
2b3d43af-753b-40d5-9f35-f8c5ebc0c258,e6618605-f4cb-4382-b9b6-5b5de6e22e2d,2025-08-22
0a03111f-ae95-4d3f-bd48-c11d75bb2615,24782469-f988-43d7-ade5-f1a8e8e79c6d,2025-08-24
030e0c45-d02b-46e6-bab6-3ff20c85a000,0bfc7f49-ce33-4d79-b787-d3979e05b469,2025-08-25
5f336a92-9c50-4dc5-adea-277b6eece65d,d925f981-34cc-4015-b0e6-8c2c4e57808e,2025-08-25
4435f93f-d055-4497-b49a-79fca5b2c825,02554bd3-550c-49e0-9dd7-4a215753c2aa,2025-08-23
8e29b0b7-d314-425e-a554-66d6bd667c44,d440ce6b-edfb-48fa-a60f-458c8714944f,2025-08-22
4d8c59ea-71ca-4300-aaa7-bf51312542c6,6b3c3ff8-7bb3-49dc-9063-41f3985e7826,2025-08-22
23309a66-d1bd-4b4d-a060-8ca40cbed2fd,140521cf-fe2f-40a5-8752-b76104967591,2025-08-25
5e770d1a-a477-4491-bac6-835acda4d899,9e65a835-aad7-4059-93e9-d56ffe366991,2025-08-23
30c173c2-9026-4e06-897c-c7e0915d5926,6f1bbbe1-537a-467b-92c1-2f3a62f78d5c,2025-08-22
